Name,Age,Gender,City,Maths,Physics,Attendance,Email
Akshat Aneja,22.0,Male,Hyderabad,85,78.0,92.0,akshat@email.com
Rahul Sharma,21.0,Male,Mumbai,72,81.0,88.0,rahul@email.com
PRIYA MEHTA,23.0,Female,Delhi,91,95.0,97.0,priya@email.com
Arjun Kumar,22.0,Male,Hyderabad,68,74.0,81.0,arjun@email.com
Neha Singh,22.0,Female,Mumbai,95,89.0,94.0,neha@email.com
Rohan Das,20.0,Male,Delhi,64,80.0,76.0,rohan@email.com
Sneha Patel,21.0,Female,Pune,88,92.0,88.0,sneha@email.com
Vikram Rao,22.0,Male,Hyderabad,76,71.0,85.0,vikram@email.com
Aman Verma,22.0,Male,Delhi,82,79.0,90.0,Unknown
Karan Shah,19.0,Male,Unknown,73,68.0,79.0,karan@email.com
Meera Joshi,24.0,Female,Pune,89,93.0,88.0,meera@email.com
